status_id,user_id,created_at,screen_name,text,source,reply_to_status_id,reply_to_user_id,reply_to_screen_name,is_quote,is_retweet,favourites_count,retweet_count,country_code,place_full_name,place_type,followers_count,friends_count,account_lang,account_created_at,verified,lang
1.2484E+18,1497371880,2020-04-10T00:10:48Z,kalityagi,@sandipsabharwal Sir @Naveen_Odisha doing great work. #StayHome #StayHomeStaySafe,Twitter for Android,1.2483E+18,85768153,sandipsabharwal,FALSE,FALSE,1481,0,IN,"Jajapur, India",city,621,1266,,2013-06-10T05:07:00Z,FALSE,en
1.2484E+18,101777158,2020-04-10T00:11:07Z,prabhashj,"#Covid19, the bitter truth and test of the principle of #NaturalSelection is in progress with #100plusDays #LacsPlusPeople #NoAvailableTrearment, the only good thing we see is evolving a #PollutionFreeWorld . Is Excessive exploitation of Nature is the cause of this curse? https://t.co/0o7hSFCLGI",Twitter for Android,,,,FALSE,FALSE,542,0,IN,"Patna, India",city,492,1103,,2010-01-04T14:48:40Z,FALSE,en
1.24841E+18,2455349370,2020-04-10T00:27:14Z,ashirwadtours,"Your cough could be normal flu, do not panic. Take Precaution, take your medicine, stay fit and Relax. Follow social distancing and act like a responsible citizen.    

#StayAware #StaySafe #DoNotPanic #safargenie #ashirwad #covid19 #CoronavirusOutbreakindia https://t.co/600u80czSv",Twitter for Android,,,,FALSE,FALSE,72,0,IN,"Gorakhpur, India",city,56,159,,2014-04-20T17:59:15Z,FALSE,en
1.24841E+18,373367676,2020-04-10T00:27:58Z,satheishkp,#Today government holiday #GoodFriday üòÅüòÑ. #StayHomeStaySafe #FridayFeeling #COVID2019india,Twitter for iPhone,,,,FALSE,FALSE,954,0,IN,vellore city,poi,196,253,,2011-09-14T13:15:27Z,FALSE,en
1.24841E+18,110637360,2020-04-10T00:29:17Z,iHarishBhardwaj,"One event can make a difference &amp; that‚Äôs been shown to us by #markaznizamuddin event!
#idiots
One of main single #reason that the #virus has spread to a lot &amp; cases reached to the peak in last days!

#muslim

#indiafightscorona #covid19 #StayHomeStaySafe #lockdown 
#dbz_diary",Twitter for iPhone,,,,FALSE,FALSE,0,0,IN,"Hisar, India",city,101,303,,2010-02-02T07:16:49Z,FALSE,en
1.24841E+18,110637360,2020-04-10T00:34:02Z,iHarishBhardwaj,"@ELister_social Yes.. quite bad and I urge to everyone to #stayhome and help us to fight the virus #covid19 

#indiafightscorona #StayHomeStaySafe #lockdown @narendramodi @MoHFW_INDIA @drharshvardhan @mlkhattar @anilvijminister @HaryanaTweets @police_haryana @PMOIndia @cmohry #india 

#dbz_diary",Twitter for iPhone,1.24841E+18,1.05499E+18,ELister_social,FALSE,FALSE,0,0,IN,"Hisar, India",city,101,303,,2010-02-02T07:16:49Z,FALSE,en
1.24841E+18,110637360,2020-04-10T00:38:08Z,iHarishBhardwaj,"Thank you #Coronafighters for keeping us safe.

#Doctors #Delivery #staff #GroceryWorkers #Caregivers #Police #Paramedics 
#HaryanaPolice or anyone who‚Äôs helping in any possible way

#Thankyou #DilSeThankYou 
@police_haryana @HaryanaTweets 
#covid19 #stayhome #staysafe
#dbz_diary",Twitter for iPhone,,,,FALSE,FALSE,0,1,IN,"Hisar, India",city,101,303,,2010-02-02T07:16:49Z,FALSE,en
1.24841E+18,9.02474E+17,2020-04-10T00:39:24Z,iFarmaankhan07,#StayHomeStaySafe and listen to DIVINE - SALAAM https://t.co/RD2vYR1IEa via @YouTube,Twitter for iPhone,,,,FALSE,FALSE,3572,0,IN,"Nagina, India",city,19,120,,2017-08-29T10:12:56Z,FALSE,en
1.24841E+18,277501855,2020-04-10T00:40:45Z,Raghuvirsinh54,@iArmySupporter @narendramodi @realDonaldTrump You should thank the Congress. The medicine you are waving away from has become the government of the Congress. #Covid19India #COVID19US #covid19,Twitter for Android,1.24811E+18,9.55856E+17,iArmySupporter,FALSE,FALSE,904,1,IN,"Gujarat, India",admin,8,166,,2011-04-05T14:09:35Z,FALSE,en
1.24841E+18,2587964936,2020-04-10T00:42:15Z,neelagi,@astitvam @vrishabhavathi #CoronavirusOutbreak inkengeri one good news is there is no smell from #vrishabhavthi means? Reason behind the smell ans pollution is irresponsible @KarnatakaBoard taking money from industrial houses those who dont use stp.,Twitter for Android,,75277224,astitvam,FALSE,FALSE,5289,0,IN,"Bengaluru South, India",city,627,548,,2014-06-25T18:10:42Z,FALSE,en
1.24841E+18,1.21701E+18,2020-04-10T00:47:24Z,ManojCh06370062,"During Lockdown Part - 1

#Quarantine #fightagainstcorona #StayHomeStaySafe #stayhomeindia https://t.co/9fC5CyJvOD",Twitter for Android,,,,FALSE,FALSE,1,0,IN,"Bhopal, India",city,0,4,,2020-01-14T08:51:07Z,FALSE,en
1.24842E+18,53880693,2020-04-10T00:58:46Z,raydeep,I am having dreams about #CoronavirusOutbreak üòìüò¢,Twitter for Android,,,,FALSE,FALSE,1840,0,IN,"Noida, India",city,26825,2197,,2009-07-05T10:00:02Z,FALSE,en
1.24842E+18,1.24346E+18,2020-04-10T01:03:40Z,AshaSha46488326,"#Covid19 Case #Odisha 
9th April, 2020

Total 6 new Cases on 9th April, 2020
Total Positive Cases so far: 48 https://t.co/fqn3AR7C9l",Twitter for Android,,,,FALSE,FALSE,7,0,IN,"Bhawanipatna, India",city,0,24,,2020-03-27T08:58:02Z,FALSE,en
1.24842E+18,1351009554,2020-04-10T01:05:25Z,AkaDaddu,"Scary news.
#Covid19 #Indore
https://t.co/W09JK9REWt",Twitter for Android,,,,FALSE,FALSE,787,0,IN,"Bengaluru South, India",city,158,731,,2013-04-14T05:05:32Z,FALSE,en
1.24842E+18,8.23463E+17,2020-04-10T01:11:23Z,Ahmedcosmic2,"Mr @ArvindKejriwal @CMODelhi
 
Giving update on #COVID19 is good. 

But why state sources especially highlighting Markaz? 

No temple gathering? Minister's party? Holi revelry? 

Your act is criminal considering, it further imposes stigma of #coronavirus carriers on Muslims! https://t.co/bCqq5fYmnI",Twitter for Android,,,,TRUE,FALSE,353,0,IN,"Mumbai, India",city,74,336,,2017-01-23T09:30:28Z,FALSE,en
1.24842E+18,4830282194,2020-04-10T01:19:10Z,Shiva_Tweeets,"Children's also insisting be safe, keep safe!

#Covid19 https://t.co/CTDwbecOS7",Twitter for Android,,,,FALSE,FALSE,4719,0,IN,"Thirunindravur, India",city,2423,769,,2016-01-29T12:41:47Z,FALSE,en
1.24842E+18,233039234,2020-04-10T01:23:43Z,dnyadav,"#CoronavirusOutbreak | Factory output rose to seven-month high ahead of lockdown

(reports @Armilu) 

https://t.co/h6MnS6LiTd https://t.co/nYt8vhB51r",Twitter for Android,,,,FALSE,FALSE,231919,1,IN,"Mumbai, India",city,6628,3350,,2011-01-02T03:17:39Z,FALSE,en
1.24842E+18,57613901,2020-04-10T01:37:43Z,rahulsmane,"""The whole world is battling the novel #coronavirus. But it seems India is fighting #Muslims in the time of coronavirus.

There is an explosion of #FakeNews  about #Muslims ‚Äúdeliberately‚Äù spreading the virus."" | @nmannathukkaren writes.

https://t.co/W88O4l1Vc9",Twitter for Android,1.24776E+18,57613901,rahulsmane,FALSE,FALSE,3803,0,IN,"Maharashtra, India",admin,492,3494,,2009-07-17T10:57:19Z,FALSE,en
1.24843E+18,69825336,2020-04-10T01:38:13Z,chaseleoifucan,"Well, if @airindiain can help UK citizens go back home why can't same be arranged for our own #seafarers. Dear @narendramodi @shipmin_india @IMOHQ @mui_mum pls act asap for crew change on ships. Their families are waiting. @PrasharSdp @Capt_Unni #COVID19 #LockdownWithoutPlan https://t.co/JHHPAtJmJW",Twitter for Android,,,,TRUE,FALSE,2551,0,IN,"Kolkata, India",city,269,1072,,2009-08-29T08:35:05Z,FALSE,en
1.24843E+18,205827926,2020-04-10T01:40:10Z,DEEPAK_0616,"One person in 2750 Dead with one in 120 cases ie out of 120 person's one is down with corona in New York City which is then any whole country. 
#NewYorkCity #COVID19 
#ChinaLiedAndPeopleDied",Twitter for Android,1.24771E+18,205827926,DEEPAK_0616,FALSE,FALSE,25,0,IN,"New Delhi, India",city,35,110,,2010-10-21T17:54:35Z,FALSE,en
1.24843E+18,1.14787E+18,2020-04-10T01:40:53Z,Mohamme52381019,"#StayHomeStaySafe #COVID„Éº19 
The #COVID19  time we all of them always stay in our home and keep social distance. https://t.co/TLuddvjU0e",Twitter for Android,,,,FALSE,FALSE,365,0,IN,Kerala,poi,6,32,,2019-07-07T14:17:36Z,FALSE,en
1.24843E+18,113826230,2020-04-10T01:42:27Z,sudarsansand,#WashYourHands¬†¬†frequently #StayHome¬† #StaySafe to #FightAgainstCOVID19 . #COVID19 My SandArt installation video. https://t.co/DVK4ehxLah,Twitter for iPhone,,,,FALSE,FALSE,57955,69,IN,"Puri, India",city,579732,833,,2010-02-13T05:07:42Z,TRUE,en
1.24843E+18,543213065,2020-04-10T01:43:12Z,ISKCONJuhu,"Trust Krishna. Allow Him to change your life #StayBlessed
10 #April #earlymorning #godmorningfriday #PrayersForCoronaFreeWorld #Love #Blessings #instagram #StayHomeStaySafe #21dayslockdown #IndiaFightsCorona #ISKCON‚Ä¶ https://t.co/Xkrp3Bok0W",Instagram,,,,FALSE,FALSE,11,0,IN,"Mumbai, India",city,2205,66,,2012-04-02T08:00:35Z,FALSE,en
1.24843E+18,1.18412E+18,2020-04-10T01:44:37Z,InderRajw,"Don't panic #COVID19 #YouCanBeatCorona easily. Only need to adopt some good habits.üëá
‚ñ™Ô∏èStay at home and clean your home daily with a Alcohol
‚ñ™Ô∏èEach one of us needs to maintain social distance
‚ñ™Ô∏èAvoiding handshake goes a long way to stop Virus spread
‚ñ™Ô∏èDo hand sanitization.... https://t.co/gX6yXrEM9K",Twitter for Android,,,,FALSE,FALSE,175,2,IN,"Punjab, India",admin,4,37,,2019-10-15T14:51:22Z,FALSE,en
1.24843E+18,1.06819E+18,2020-04-10T01:46:46Z,MeJasbir,"@RanjitSavarkar This is our nature to help humanity we will fight another day not on this situation if PM can help USA he also to PAK #wolrdpendamic 
#CoronavirusOutbreak 
#COVID19Pandemic 
#StayHomeStaySafe 
#HelpingOthers 
@shoaib100mph 
@ImranKhanPTI",Twitter for Android,1.24816E+18,2235240197,RanjitSavarkar,FALSE,FALSE,132,0,IN,"New Delhi, India",city,1759,1707,,2018-11-29T17:16:06Z,FALSE,en
1.24843E+18,1904288922,2020-04-10T01:48:07Z,Gurkirtan_77,"As We know #Covid19 is Infectious Disease Spread by Coronavirus Which now becomes Pandemic, 
So, kindly #StayAtHome 
@PMOindia 
#YouCanBeatCorona  by  Following The Guidelines below 
üëá https://t.co/LFI3OeY3cI",Twitter for Android,,,,FALSE,FALSE,14598,16,IN,"Rajpura, India",city,151,18,,2013-09-25T13:55:20Z,FALSE,en
1.24843E+18,102401979,2020-04-10T01:49:19Z,sss1482,"Seen tweets suggesting that India ranks very low on (a) quality of healthcare, (b) standard of governance &amp; (c) social capital. As per Singapore Foreign Minister VivianBalakrishnan: #COVID19 is an acid test.   If any 1 is weak, it will be exposed quite unmercifully (1/3)",Twitter for Android,,,,FALSE,FALSE,1419,0,IN,"New Delhi, India",city,83,102,,2010-01-06T15:39:33Z,FALSE,en
1.24843E+18,9.52191E+17,2020-04-10T01:49:33Z,Saman_Portable,"""Coronavirus Tweets from Indian authorities"" #coronavirus https://t.co/kzGJtTHUbz",Twitter for Android,,,,FALSE,FALSE,39,0,IN,SAMAN Portable Office Solutions,poi,47,215,,2018-01-13T14:49:41Z,FALSE,en
1.24843E+18,461897669,2020-04-10T01:50:17Z,VikasRaiAdv,"Update : Over 3,56,640 people have now recovered from coronavirus infections worldwide. 
#GoodFriday 
#Corana 
#COVID19",Twitter for iPhone,,,,FALSE,FALSE,20017,1,IN,"Lucknow, India",city,829,272,,2012-01-12T09:53:01Z,FALSE,en
1.24843E+18,380784997,2020-04-10T01:52:12Z,vnigamsinha,Please reach out or contribute per details below to help with community feeding and dry rations distribution. #COVID19 https://t.co/QV3QZ3sbD8,Twitter for iPhone,,,,FALSE,FALSE,267,3,IN,"Gurgaon, India",city,1865,264,,2011-09-27T07:00:38Z,FALSE,en
1.24843E+18,1227324577,2020-04-10T01:52:55Z,SpeakingShiva,"""Coronavirus: WHO marks 100 days since China alerted to first COVID-19 cases"" #Coronavirus https://t.co/y8EzpE5zE8",Twitter for Android,,,,FALSE,FALSE,4548,0,IN,"Madhya Pradesh, India",admin,432,190,,2013-02-28T11:18:39Z,FALSE,en
1.24843E+18,205827926,2020-04-10T01:53:49Z,DEEPAK_0616,"One person in 2750 Dead with one in 120 cases ie out of 120 person's one is down with corona in New York City which is more than any country even Spain or Italy. 
#NewYorkCity #COVID19 
#ChinaLiedAndPeopleDied",Twitter for Android,,,,FALSE,FALSE,25,0,IN,"New Delhi, India",city,35,110,,2010-10-21T17:54:35Z,FALSE,en
1.24843E+18,1904288922,2020-04-10T01:59:51Z,Gurkirtan_77,"#StayHomeStaySafe 
... 
#YouCanBeatCorona  Staying at Home is the Easiest &amp;  most Effective Way to Stay safe. https://t.co/hGq154w69K",Twitter for Android,,,,FALSE,FALSE,14933,3,IN,"Rajpura, India",city,153,19,,2013-09-25T13:55:20Z,FALSE,en
1.24843E+18,7.55617E+17,2020-04-10T02:02:03Z,Rajendra537,"Wishing A Very Happy Birthday To One Of The Kindest Person I've Ever Seen . God Bless You With More Success, Happiness, Health, Wealth and Prosperity In Your Life. May His Blessings Shower On You In All Your Future Endeavours Dear @NareshTRS. #HappyBirthday
#StayHomeStaySafe https://t.co/5fcn6npKsM",Twitter for Android,,,,FALSE,FALSE,3607,2,IN,Hyderabad,poi,822,103,,2016-07-20T04:14:47Z,FALSE,en
1.24843E+18,3051671544,2020-04-10T02:02:25Z,Siva_Blood,"This is your Life, you are meant to be the Hero of your own Story!üí™
#MagicalCharmSküôÇ 

Good morning allüòçüòò
#StayHomeStaySafe 
#StayHomeSaveLives https://t.co/bGoi8hkv53",Twitter for Android,,,,FALSE,FALSE,38567,6,IN,"Bengaluru, India",city,2430,140,,2015-03-01T02:54:17Z,FALSE,en
1.24843E+18,296107913,2020-04-10T02:03:49Z,kartikeya_1975,"US #coronavirus death toll jumps to over 15,000: #JohnsHopkins tally. The tally leapt to 15,774 dead from 432,596 cases, as the US struggles to combat the spread of virus.",Twitter for Android,,,,FALSE,FALSE,5772,2,IN,"Noida, India",city,13393,756,,2011-05-10T06:34:31Z,TRUE,en
1.24843E+18,8.79237E+17,2020-04-10T02:07:12Z,GunjanMasih,"Full story in this link please click on this link üëá
https://t.co/19QuUbRI0r

#amreading #AarogyaSetuApp #ad #CoronavirusOutbreak #Lockdownextention #YouTubeVideo #YouTubeÁõ∏‰∫íÁôªÈå≤ #YouTubeOriginals #YouTubers4NHSHeroes https://t.co/IHttggXh5A",Twitter for Android,,,,FALSE,FALSE,2081,0,IN,"Chhatarpur, India",city,66,2,,2017-06-26T07:18:30Z,FALSE,en
1.24843E+18,8.29017E+17,2020-04-10T02:09:49Z,DrSureshkumarG,"""Coronavirus: WHO marks 100 days since China alerted to first COVID-19 cases"" #Coronavirus https://t.co/AHCHJVSyqH
#WorldFightsCoronavirus #WHOLiedPeopleDied #WuhanVirus_BioTerror #WarAgainstHumanity",Twitter for Android,,,,FALSE,FALSE,2828,0,IN,"Andhra Pradesh, India",admin,395,550,,2017-02-07T17:19:50Z,FALSE,en
1.24843E+18,1.12496E+18,2020-04-10T02:14:15Z,Santoosan2,@IsmartVishuu  I want to wish u all the happiness and love all of u which u deserve. Thanks for being such a good frd for many years. Wishing u happiest birthday boy. #StayHomeStaySafe https://t.co/HPQb5jVSf4,Twitter for Android,,1.16E+18,IsmartVishuu,FALSE,FALSE,1293,1,IN,"Anantapur, India",city,17,256,,2019-05-05T08:34:58Z,FALSE,en
1.24843E+18,349679675,2020-04-10T02:16:49Z,sarab_vicky,Beautiful picture I came across this morning. #DilSeThankYou to all the #CoronaWarriors. Please help them by staying at home. @Jsr_police #MedicalWorkers @HemantSorenJMM @JharkhandCMO @narendramodi @ABPNews @aajtak @ZeeNews @ndtv @Jamshedpur_City #StayHomeStaySafe https://t.co/AWEhDejCY4,Twitter for Android,,,,FALSE,FALSE,595,1,IN,"Jamshedpur, India",city,56,518,,2011-08-06T14:21:37Z,FALSE,en
1.24843E+18,7.68765E+17,2020-04-10T02:16:56Z,1_onedana,"Hope #Covid_19 will teach us not to judge people by their jobs &amp; earnings. Work is work. All are important. #SanitationWarriors #Sweepers #masons #electricians #farmers #greengrocers #teachers #doctors #bankers #researchers &amp; many more
Be #unite people. Stay inside, stay safe.",Twitter for Android,,,,FALSE,FALSE,694,0,IN,"Hapur, India",city,55,305,,2016-08-25T11:02:01Z,FALSE,en
1.24844E+18,136227029,2020-04-10T02:18:26Z,brahmav,#drawings #cartoons say things in a different way. #WorkFromHome #StayHomeStaySafe #YouCanBeatCorona #QurantineLife #LockdownLife #RKLaxman https://t.co/E8lvgpWZTp,Twitter for iPhone,,,,FALSE,FALSE,33,0,IN,"Rajendra Nagar, India",city,89,175,,2010-04-23T10:32:36Z,FALSE,en
1.24844E+18,60544708,2020-04-10T02:19:03Z,amanshukla,"This is a Jawahar Navodaya Vidyalaya building. But now this and  dozens of other school buildings have turned into quarantine centers. 
#CoronavirusOutbreak https://t.co/sHeHsOP40e",Twitter for Android,,,,FALSE,FALSE,6645,1,IN,"Greater Noida, India",city,454,514,,2009-07-27T09:14:51Z,FALSE,en
1.24844E+18,738450739,2020-04-10T02:21:07Z,sunil_rayal,please think  about it üôèüèª #Covid19 ü¶†#pandemic  ‚ò†Ô∏è https://t.co/jUbjD52QlC,Twitter for iPhone,,,,FALSE,FALSE,823,0,IN,"Uttaranchal, India",admin,30,154,,2012-08-05T11:42:57Z,FALSE,en
1.24844E+18,136227029,2020-04-10T02:22:45Z,brahmav,"#COVID #coronavirus #lockdown #cartoon #coronavirusmemes #CoronaCrisis #StayHomeStaySafe #QuarantineLife #WorldHealthDay #situation syncüòâ 

#drawings by #RKLaxman üôèüèª https://t.co/025NU0hEba",Twitter for iPhone,,,,FALSE,FALSE,33,0,IN,"Rajendra Nagar, India",city,89,175,,2010-04-23T10:32:36Z,FALSE,en
1.24844E+18,463553347,2020-04-10T02:23:20Z,arvindpadhee,"An excellent article on India‚Äôs food &amp; nutrition in this unprecedented situation around #COVID19 by @priyankaS2012, Young Professional @NITIAayog. 
@IasAlok @amitabhk87 @Ramesh_ChandDr @RajivKumar1 @POSHAN_Official https://t.co/b6121c8Ywj",Twitter for iPhone,,,,TRUE,FALSE,71713,2,IN,"New Delhi, India",city,70983,686,,2012-01-14T06:47:32Z,TRUE,en
1.24844E+18,200736633,2020-04-10T02:26:58Z,pirateprakhar,@zlj517 #WuhanHealthOrganisation #Wuhan #ChinaMustExplain #CoronavirusOutbreak #ChinaLiesPeopleDie #WuhanVirus #WuhanVirusMadeInChina Stop This Nonsense And Explain To The World Y #China Did This.??#BoycottChina #BoycottChineseProducts,Twitter for Android,,141627220,zlj517,FALSE,FALSE,842,0,IN,"Varanasi, India",city,867,1756,,2010-10-10T03:09:48Z,FALSE,en
1.24844E+18,1027684844,2020-04-10T02:33:10Z,iamdatchana,#ChinaMustExplain why this Virus is Uncontrollable and Unconditional formate in other countries then China üá®üá≥ #ChineseVirus #CoronavirusOutbreak,Twitter for iPhone,,,,FALSE,FALSE,995,0,IN,"Panruti, India",city,1059,211,,2012-12-22T03:44:15Z,FALSE,en
1.24844E+18,49953025,2020-04-10T02:33:30Z,tea_n_beer,"Trust me, many countries will ask this post #Coronavirus , WHO is @WHO ? https://t.co/yQTtkF597s",Twitter for iPhone,,,,TRUE,FALSE,2203,0,IN,"Panchkula, India",city,1919,1606,,2009-06-23T11:43:19Z,FALSE,en
1.24844E+18,103592096,2020-04-10T02:37:19Z,guramneet,Masks are compulsory in Punjab now. Health Secretary is issuing a detailed advisory for the people. Just remember to wear mask when you step out of home for any emergency/essentials. A piece of clean cloth is all you need. Let‚Äôs all stay safe and fight #Covid_19 together. https://t.co/B7DaaMuNSe,Twitter for Android,,,,FALSE,FALSE,14467,0,IN,"Mohali, India",city,875,404,,2010-01-10T15:21:18Z,FALSE,en
1.24844E+18,8.65196E+17,2020-04-10T02:37:22Z,Ms1Entrepreneur,"Hope you're enjoying the simulation.üñ§
#COVID19 #Time #energy",Twitter for Android,,,,FALSE,FALSE,4100,0,IN,"Madhya Pradesh, India",admin,32,40,,2017-05-18T13:22:27Z,FALSE,en
1.24844E+18,296107913,2020-04-10T02:38:24Z,kartikeya_1975,The US nonprofit organization National Academies of Sciences released a report to the White House on Tuesday predicting that the summer‚Äôs warmer temperatures would not significantly halt the spread of the COVID-19 #coronavirus.,Twitter for Android,,,,FALSE,FALSE,5772,5,IN,"Noida, India",city,13393,756,,2011-05-10T06:34:31Z,TRUE,en
1.24844E+18,7.16096E+17,2020-04-10T02:38:40Z,deepak_mragwani,"@Balsanskarsewa Sant Shri Asharamji Bapu and his Ashrams has always worked selflessly for welfare of Society. 
Various services running due to the inspiration of #Bapuji during this #CoronavirusPandemic situation.
#AsharamjiAshrams_ServingHumanity
https://t.co/IeAIMpHWy9",Twitter for Android,1.24844E+18,234845339,Balsanskarsewa,FALSE,FALSE,217945,8,IN,"Rajasthan, India",admin,9929,5637,,2016-04-02T02:53:08Z,FALSE,en
1.24844E+18,2432881500,2020-04-10T02:40:42Z,jai_shrivastva,"We are esteemed Training Partner (Eupraxis Expert Systems Consulting Pvt. Ltd.) empanelled with UP Skill Development Mission (UPSDM) 
@CMOfficeUP
@UPSDMOfficial #StayhomeStaysafe #Indiafightscorona #Waragainstcorona https://t.co/4nCzFEVUGC",Twitter for Android,,,,FALSE,FALSE,51,0,IN,Karawal Nagar Chowk,poi,10,142,,2014-04-08T02:07:58Z,FALSE,en
1.24844E+18,2773163239,2020-04-10T02:42:26Z,PandeyNrp,#StayHomeIndia #StayHomeStaySafe #swarabhaskar #FridayThoughts #COVID2019india my First meme for All of u.. don't move outside home unnecessarily https://t.co/NLoP8RqIry,Twitter for Android,,,,FALSE,FALSE,3823,1,IN,"Bhiwandi, India",city,777,4904,,2014-08-27T12:30:13Z,FALSE,en
1.24844E+18,595667880,2020-04-10T02:43:40Z,manish_sisodiya,"We are esteemed Training Partner (G K Foundation) empanelled with UP Skill Development Mission (UPSDM)
 @CMOfficeUP
@UPSDMOfficial #StayhomeStaysafe #Indiafightscorona #Waragainstcorona https://t.co/tbDAoPAEAj",Twitter for Android,,,,TRUE,FALSE,723,25,IN,"Jodhpur, India",city,281,274,,2012-05-31T15:44:11Z,FALSE,en
1.24844E+18,2432881500,2020-04-10T02:44:36Z,jai_shrivastva,"Number of #Tweets related to #CoronaVirus would have broken all records on #tweeter in last couple of months. 

@snehil_gautam how can we find some stats on this ü§î",Twitter for Android,,,,FALSE,FALSE,51,0,IN,"Ghaziabad, India",city,10,142,,2014-04-08T02:07:58Z,FALSE,en
1.24844E+18,34251170,2020-04-10T02:45:01Z,agracadabra,"It is no secret that the #coronavirus mutated through various life forms. We are gullible to think that there is an instant cure to this anomaly. There isn't one, atleast not in the near future. Humans are the mode of transport for the virus. #COVID19 #Lockdown #TheVirus",Twitter for iPhone,,,,TRUE,FALSE,1811,0,IN,"Mumbai, India",city,9363,1836,,2009-04-22T12:02:21Z,TRUE,en
1.24844E+18,2898973500,2020-04-10T02:46:19Z,cavikaswadhawan,"Not just Delhi,India needs a SHIELD

#COVID19 presents a global challenge and the response to it cannot be local. 

#DelhiGovernanceModel has laid down a very aggressive and effective response to #COVID2019. This needs to be implemented at national level. https://t.co/S0jpMsN3Sg",Twitter for iPhone,,,,FALSE,FALSE,734,0,IN,"Noida, India",city,258,210,,2014-11-14T04:46:50Z,FALSE,en
1.24844E+18,1.21489E+18,2020-04-10T02:47:48Z,theadiwwworld,"@casagrandhomes #Casagrand #Contest #StayHomeStaySafe
@casagrandhomes

Being an ambivert I am kind of enjoying time at home. But now I'm free at home so most of the time I'm in the kitchen cooking something. Though I'm not so good in cooking but still I tried few dishes like cak and other dish https://t.co/5ybnUtk5Gf",Twitter for Android,,,,FALSE,FALSE,649,0,IN,"Mumbai, India",city,82,689,,2020-01-08T12:36:42Z,FALSE,en
1.24844E+18,7.53473E+17,2020-04-10T02:48:33Z,Reflectivediary,"Shri. @KTRTRS @KTRoffice garu,  bringing a Genuine case  to your notice for the best possible health care at the earliest. Nearly 40 #COVID19 suspected cases admitted in Isolation ward Hyd https://t.co/qb4etFZcZc King Kothi. No Tests/ treatment initiated yet. Pl Find attachments. https://t.co/QepYf1ce4y",Twitter for Android,,,,FALSE,FALSE,2853,2,IN,"Garhi Harsaru, India",city,1210,317,,2016-07-14T06:17:10Z,FALSE,en
1.24844E+18,9.22999E+17,2020-04-10T02:48:40Z,Nitin_Roshan_,Timeline of WHO's advisories in this pandemic! Beyond doubt WHO has acted as a mouthpiece of #CCP. #COVID19 https://t.co/NeXAio5GR9,Twitter for Android,1.24829E+18,1951304473,casagrandhomes,FALSE,FALSE,33243,1,IN,India,country,1381,1204,,2017-10-25T01:32:16Z,FALSE,en
1.24844E+18,7.2394E+17,2020-04-10T02:52:19Z,MaheshKonagala,"While we commemorating the crucifixion of Jesus Christ by observing Good Friday, let's remember the path of courage, sacrifice &amp; compassion laid out by Jesus Christ.
Let's pay tribute to those who are taking risk to save other lives.
#ThankYouCoronaWarriors
#StayHomeStaySafe https://t.co/7OL9kdmysu",Twitter for Android,,,,FALSE,FALSE,34,0,IN,"Hyderabad, India",city,240,82,,2016-04-23T18:21:57Z,FALSE,en
1.24844E+18,4904111113,2020-04-10T02:54:13Z,Das_sujata93,"@Gunjan54092339 Sant Shri Asharamji Bapu and his ashrams has always worked selflessly for welfare of Society. 
Various services running due to the inspiration of #Bapuji during this #CoronavirusPandemic situation.
#AsharamjiAshrams_ServingHumanity
https://t.co/fa0fsDQsor",Twitter for Android,,,,FALSE,FALSE,8000,0,IN,"Bengaluru South, India",city,195,92,,2016-02-13T23:52:00Z,FALSE,en
1.24845E+18,9.0567E+17,2020-04-10T03:02:08Z,thevagabong,"Just sent a Random message to few friends who used to be (showcase as if they are ) busy earlier within fraction of second received reply now I m not responding.ü§™üò∑

#COVID19 #LockdownExtended #coronavirusinindia",Twitter for Android,,,,FALSE,FALSE,1464,0,IN,Eco Urban Village,poi,360,563,,2017-09-07T05:52:39Z,FALSE,en
1.24845E+18,4714667592,2020-04-10T03:02:27Z,mahesh_gondi,"Number of positive  cases in #India goes past above 6K, now at 6412. Total 199 Deaths

*678 New Cases, 33 Deaths in 24 Hours* #IndiaLockdown #coronavirus",Twitter for Android,,,,FALSE,FALSE,7018,1,IN,"Madanapalle, India",city,975,4935,,2016-01-05T18:12:43Z,FALSE,en
1.24845E+18,1.17509E+18,2020-04-10T03:06:57Z,Ghorse_ula,#BiharFightsCorona frist update of the 2 more covid-19 positive cases in bihar taking the total to 60. 1 Female age 10 year and 1 Male 28 year from the same family/village in siwan.come in touch with a positive who come in from Oman.#StayHomeStaySafe #coronavirus @pappuyadavjapl,Twitter for Android,1.24843E+18,1.14342E+18,Gunjan54092339,FALSE,FALSE,1285,0,IN,"Sarni, India",city,264,250,,2019-09-20T17:05:56Z,FALSE,en
1.24845E+18,753089959,2020-04-10T03:08:50Z,ivijayjadhav,Pakistan #Coronavirus update: Tablighi Jamaat faces criticism in Pakistan for #COVIDspread |  https://t.co/8ZUegHsfGz,Twitter for Android,,,,FALSE,FALSE,25656,0,IN,"Bijapur, India",city,808,819,,2012-08-12T13:08:28Z,FALSE,en
1.24845E+18,1430027102,2020-04-10T03:10:33Z,disha2791,"#COVID19
#CoronavirusOutbreak
#ExtendTheLockdown
#CoronaVirusUpdates
#CoronavirusPandemic
#HealthForAll
#ModiLeadingTheWorld
#KCR
#hydroxychloriquine
#HCQ

Will the Covid-19 crisis show countries they must act together, and urgently, to confront the world's other emergency?",Twitter for iPhone,,,,FALSE,FALSE,4007,0,IN,"Mumbai, India",city,2804,863,,2013-05-15T09:27:41Z,FALSE,en
1.24845E+18,1.10746E+18,2020-04-10T03:12:31Z,OmPraka93719562,"#IndiaFightsCorona:

#COVID19 India UPDATE:

‚ñ™Ô∏èTotal Cases - 6412
‚ñ™Ô∏èActive Cases - 5709
‚ñ™Ô∏èCured/Discharged- 503
‚ñ™Ô∏èDeaths - 199
‚ñ™Ô∏èMigrated - 1

as on April 10, 2020  till 8:00 AM
Via @MoHFW_INDIA https://t.co/oeY3zB5uhc",Twitter for Android,,,,FALSE,FALSE,1721,1,IN,"Gaya, India",city,92,239,,2019-03-18T01:55:38Z,FALSE,en
1.24845E+18,44693532,2020-04-10T03:13:02Z,mayankjain100,Yesterday‚Äôs #covid19 update from Thiruvananthapuram. Collector @kgkrishnan05 doing an excellent job of transparency &amp; public accountability. We will get through this! https://t.co/FwqRBx0yN0,Twitter for Android,,,,FALSE,FALSE,21605,5,IN,"New Delhi, India",city,15434,6516,,2009-06-04T19:16:38Z,FALSE,en
1.24845E+18,1.24584E+18,2020-04-10T03:17:01Z,VundyalaPhani,@narendramodi @PMOIndia @Russia @realDonaldTrump @JustinTrudeau  look at the number of recoveries in china. The most numbers in the world where #COVID19 affected seriously. How it‚Äôs possible?? its time to ask their doctors for Help and other medical help. üôèInvestigations later. https://t.co/QOleWhhBT6,Twitter for Android,,,,FALSE,FALSE,185,0,IN,"Rajendra Nagar, India",city,9,226,,2020-04-02T22:44:28Z,FALSE,en
1.24845E+18,3273927020,2020-04-10T03:17:05Z,krishankumar82,"The Race Against Time Is Foolish.
#COVID19 #COVID #coronavirus #epidemic #COVID„Éº19 #CoronavirusOutbreak #CoronaVirusUpdates #CoronavirusPandemic #ModiLeadingTheWorld #hydroxychloriquine #Hyderabad #TelanganaFightsCorona #IndiaFightsCorona #IndiaVsCorona #FightToWin #KeepGoing https://t.co/MEQsR7UGH9",Twitter for Android,,,,FALSE,FALSE,2692,0,IN,"Greater Noida, India",city,298,1158,,2015-07-10T06:46:39Z,FALSE,en
1.24845E+18,8.27104E+17,2020-04-10T03:17:50Z,vishwkrmasandip,"#wecanbeatcorona
#IndiaFightsCorona
#YouCanBeatCorona
#COVID2019india
#lockdownindia
#QuarantineLife
#StayHomeStaySafe
#ExtendTheLockdown
#lockdown
#COVID„Éº19
#StaySafe
#donate

Disclaimer - 
All the characters shot the video from their own homes... https://t.co/pZpMDYJqBk",Twitter for Android,,,,FALSE,FALSE,10567,0,IN,"Bengaluru, India",city,141,366,,2017-02-02T10:38:47Z,FALSE,en
1.24845E+18,631703149,2020-04-10T03:21:10Z,Shivsaero,"To contain the spread of #COVID19 pandemic in the state, the Odisha Govt has taken slew of majors. 35 Special #COVID19 Hospitals will be set up in 30 districts. Hospitals with a bed strength of 5747 will be set up by the end of 15th April. #OdishaFightsCoronaVirus https://t.co/PZcflv3ALF",Twitter for iPhone,,18839785,narendramodi,FALSE,FALSE,605,0,IN,"Coimbatore, India",city,21,151,,2012-07-10T05:10:31Z,FALSE,en
1.24845E+18,1.24584E+18,2020-04-10T03:21:25Z,VundyalaPhani,"When You Help The Needy, Leave Your Camera Behind At Home.

#CoronavirusOutbreak #help #needy
#stopclickingneedy
#coronapandemic @ Noida ‡§®‡•ã‡§è‡§°‡§æ https://t.co/05C5ZQnMb5",Twitter for Android,,,,FALSE,FALSE,185,0,IN,"Rajendra Nagar, India",city,9,226,,2020-04-02T22:44:28Z,FALSE,en
1.24845E+18,9.27043E+17,2020-04-10T03:23:19Z,ankur_kandoi001,On the occasion of #GoodFriday let us all pray to the Lord to give us more strength to Fight against #COVID19 . #StayHome #StaySafe . One of my SandArt. https://t.co/uMVSAPEJn6,Twitter for Android,,,,FALSE,FALSE,31,2,IN,"Siliguri, India",city,6,128,,2017-11-05T05:19:17Z,FALSE,en
1.24845E+18,9.78538E+17,2020-04-10T03:23:32Z,NaveenismOdisha,Why #ahmedabad is waiting to be next #Mumbai in having Covid19 cases ? Please put 100% curfew in Ahmedabad. Provide door to door services for medicine &amp; food items. Take action @PMOIndia @CMOGuj @vnehra @JayantiRavi @AmdavadAMC @MoHFW_GUJARAT #COVID2019india #corona #COVID19 https://t.co/VwriFOfrvT,Twitter for iPhone,,,,FALSE,FALSE,6057,11,IN,"Brahmapur, India",city,4691,1,,2018-03-27T07:41:58Z,FALSE,en
1.24845E+18,1.02961E+18,2020-04-10T03:26:23Z,AdvisorShiksha,"#Coronavirus - Made in #China, spread to the World. 
#COVID2019 #ChineseVirus",Instagram,,,,FALSE,FALSE,830,0,IN,"Noida, India",city,164,2130,,2018-08-15T05:53:36Z,FALSE,en
1.24845E+18,113826230,2020-04-10T03:27:08Z,sudarsansand,#staysafe  #stayhome  #covid19 how long @ Metrozone https://t.co/FtQoSbfwKq,Twitter for iPhone,,,,FALSE,FALSE,57952,79,IN,"Puri, India",city,579728,833,,2010-02-13T05:07:42Z,TRUE,en
1.24845E+18,7.75652E+17,2020-04-10T03:28:26Z,mohta_yash,"#COVID_19 All countries were proud of their own nuclear, Kayanat became helpless on a small germ.  !  !",Twitter for Android,,,,FALSE,FALSE,230,0,IN,"Ahmadabad City, India",city,89,99,,2016-09-13T11:05:22Z,FALSE,en
1.24845E+18,49953025,2020-04-10T03:29:03Z,tea_n_beer,"@MumbaiPolice @PuneCityPolice @HMOIndia @CMOMaharashtra @OfficeofUT after the failure of Maharashtra government in tackling the #COVID19 they are busy giving passes to VVIPs who are the fraudsters in Money Laundering, looted banks, Corrupt to enjoy. This is the case of Corruption https://t.co/98UNRwkSkN",Twitter for iPhone,,,,FALSE,FALSE,2203,0,IN,"Panchkula, India",city,1919,1606,,2009-06-23T11:43:19Z,FALSE,en
1.24845E+18,1111869858,2020-04-10T03:29:17Z,CHEFPSEKAR,"The news channels are highlighting total COVID19 cases and total deaths in the last 24 hours. Give people some hope. Highlight the number of recovery cases as well. 

#COVID19",Instagram,,,,FALSE,FALSE,867,0,IN,"Saidapet, India",city,320,239,,2013-01-22T15:48:24Z,FALSE,en
1.24845E+18,1.22677E+18,2020-04-10T03:31:02Z,aadrsh_aryan,"Big Breaking !! 1st Patient In #Assam Has Been Died Due To #CoronaVirus !! 
#COVID„Éº19 #COVID19",Twitter for Android,,,,FALSE,FALSE,16,0,IN,"Bihar, India",admin,0,40,,2020-02-10T07:45:17Z,FALSE,en
1.24845E+18,147915270,2020-04-10T03:32:02Z,urdinesh,"I received another cheque for Rs.10,000/- from Mr.Thangsing Timung towards #CEMReliefFund.

#StayHomeStaySafe  #SaveLives
#IndiaFightsCoronaVirus https://t.co/y5votj5Qdz",Twitter for Android,,4573405572,MumbaiPolice,TRUE,FALSE,8962,0,IN,"Faridabad, India",city,131,528,,2010-05-25T11:05:31Z,FALSE,en
1.24845E+18,7.88295E+17,2020-04-10T03:32:28Z,Its7Rishi,"What books are you guys reading right now? üëÄüìöüëáüèΩ‚¨áÔ∏è
.
.
.
.
. . . üì∏ By the learning to be dependent on the self timer function of the Camera canonindia_official .
.
.
#covid_19
#workoutathome
#selfcare #selfisolation‚Ä¶ https://t.co/3UNWNGik4E",Twitter for iPhone,,,,FALSE,FALSE,1579,0,IN,"Navi Mumbai, India",city,34,460,,2016-10-18T08:24:23Z,FALSE,en
1.24845E+18,1.23549E+18,2020-04-10T03:32:39Z,Deb22dn,#RagavaLawrence Thank You very much anna #COVID„Éº19 Donation Amount 3crore Thank youüíñ very much annaüíï #StayHomeStaySafe  god bless you annaüòòüôèüôè#breaking https://t.co/luNeDAHXUU,Twitter for Android,,,,FALSE,FALSE,2343,0,IN,"Silchar, India",city,209,487,,2020-03-05T09:14:43Z,FALSE,en
1.24845E+18,8.13027E+17,2020-04-10T03:33:09Z,TuliramRonghang,"Responsibility doesn‚Äôt mean to carry burden of world on your shoulders but it‚Äôs your response-ability to deal with the things around you. Be responsible and  #StayHomeStaySafe 

#FridayFeeling #OneDirection2020 #YouCanBeatCorona #GoodFriday #lockdown @ArvindKejriwal @narendramodi",Twitter for Android,,,,FALSE,FALSE,113,1,IN,"Diphu, India",city,2122,331,,2016-12-25T14:23:02Z,FALSE,en
1.24845E+18,2515024561,2020-04-10T03:33:19Z,apps_iraa,"If your name is in NRC we mourn, if not we rejoice.

The philosophy of NRC is inhumane.

#covidindia #CORONAVIRUS #coronadeath #NotoNRC https://t.co/vYkUhxtJgT",Instagram,,,,FALSE,FALSE,283,0,IN,"Pune, India",city,406,157,,2014-05-22T09:48:47Z,FALSE,en
1.24845E+18,1.19094E+18,2020-04-10T03:34:48Z,j_selladurai,"COVID-19 updates as on 10.04.2020 at 8 AM 

‚ñ™Ô∏è Active Cases: 5,709
‚ñ™Ô∏è Cured/Discharged/Migrated cases: 504
‚ñ™Ô∏è Death cases: 199

With total cases 6412
#CoronaVirusUpdate 
#lockdown 
#COVID19 https://t.co/dBTcJaBhEp",Twitter for Android,,,,FALSE,FALSE,829,0,IN,"Tamil Nadu, India",admin,33,610,,2019-11-03T10:41:53Z,FALSE,en
1.24845E+18,1.18573E+18,2020-04-10T03:35:00Z,transform2bliss,"#IndiaFightsCorona
#StayHome
#COVID19 
Cases 1,600,000 worldwide, deaths 95699üò∑ https://t.co/nVVCaoqWXa",Twitter for iPhone,,,,FALSE,FALSE,61,2,IN,"New Delhi, India",city,5,23,,2019-10-20T01:13:50Z,FALSE,en
1.24846E+18,153325104,2020-04-10T03:37:40Z,juhebazad,"An interesting list of findings on impact of #CoronavirusLockdown on our lifestyle.
Isn't this seems to be part of our expectations for a good &amp; healthy living?
#StayHomeStaySafe 
#StayHomeStayFit
#WeWillGetThroughThisTogether
@TOIIndiaNews @TOIDelhi https://t.co/dyBSCFfTaa https://t.co/RtbIzOB4WG",Twitter for Android,,,,FALSE,FALSE,2415,0,IN,"Ukhra, India",city,401,779,,2010-06-08T07:25:17Z,FALSE,en
1.24846E+18,461897669,2020-04-10T03:42:35Z,VikasRaiAdv,"My humble suggestion to one of the most vulnerable section - no not #founders but the #startups #colleagues that didn't do lesser sacrifices to build upon brick by brick. 

Full video https://t.co/Y0lQNYpQZ0

#toughtimes #staymotivated #StayHomeStaySafe 

@sabpaisa https://t.co/bhlgTMv6uU",Twitter for iPhone,,,,FALSE,FALSE,20017,0,IN,"Lucknow, India",city,829,272,,2012-01-12T09:53:01Z,FALSE,en
1.24846E+18,2283257329,2020-04-10T03:43:45Z,VINODKU18374194,"The total number of Covid-19 cases in India has risen dramatically, India has reported 6,725 Covid-19 cases and 226 people have died from the disease so far,So please support the lockdown.
#LockdownCoronavirus #CoronaVirusUpdates #IndiaMaangeLockdown #IndiaFightsCorona 
#COVID19 https://t.co/nroWjp46vG",Twitter for Android,,,,FALSE,FALSE,1677,0,IN,"Meerut, India",city,125,16,,2014-01-09T08:05:18Z,FALSE,en
1.24846E+18,291194429,2020-04-10T03:44:10Z,viveksinghal01,"#COVID„Éº19 #Hindu in #Bali adapting their beautiful culture and rituals to the #CoronavirusPandemic
Thanks to @AjithSRanga for sending this article 
@davidfrawleyved
@JuliaRoberts24x
@ShefVaidya
@journoprk https://t.co/XFG9fGlj97",Twitter for Android,,,,FALSE,FALSE,1669,0,IN,"Gurgaon, India",city,334,1443,,2011-05-01T16:18:41Z,FALSE,en
1.24846E+18,4872562758,2020-04-10T03:44:57Z,KumarBManish,"I m awaiting to know how much money #Facebook #Twitter &amp; #WhatsApp donated in PMO, India's Health Fund in fight against #COVID„Éº19 ?@PMOIndia @saurabhtop @Facebook @Twitter @TwitterIndia @WhatsApp #COVID19Fund #COVID2019india #COVID19 #coronaupdatesindia #corona #COVID„Éº19 #India",Twitter for Android,,,,FALSE,FALSE,1440,1,IN,"New Delhi, India",city,319,478,,2016-02-07T08:05:11Z,FALSE,en
1.24846E+18,7.88357E+17,2020-04-10T03:45:40Z,sugar_jain,"Food drive at Gundlapochampally Village. üíõ
#Covid_19 #IndiaFightsCorona #FeedTheNeedy #MarpuFoundation https://t.co/7QjEMCIzxq",Twitter for Android,,,,FALSE,FALSE,9,0,IN,India,country,9,80,,2016-10-18T12:30:42Z,FALSE,en
1.24846E+18,1.13577E+18,2020-04-10T03:46:20Z,Siddhar86332340,"JUST IN: IndiGo is rolling out new operating protocols in light of #Covid_19 :

~ Frequent deep cleaning of aircraft
~ No in-flight meal services
~ Airport coaches will only be half filled
#aviation during #CoronavirusOutbreak",Twitter for Android,,,,FALSE,FALSE,170,0,IN,"Cuttack, India",city,75,41,,2019-06-04T04:42:50Z,FALSE,en
1.24846E+18,7.75652E+17,2020-04-10T03:46:29Z,mohta_yash,"All data confirming @amfahindia the cause of #Covid_19 human 2 human transmission &amp; Surface based,post #LockdownCoronavirus address #IAQ #testing #HomeQuarantine #officespace @Utpal24x7 @muqbil_ahmar @Mystique_Xpe @Lokhandwala_Bom @GUNJANU @AmitabhTiwari @luckyankit @reach4james https://t.co/wxYCwCxFZO",Twitter for Android,,,,FALSE,FALSE,230,0,IN,"Ahmadabad City, India",city,89,99,,2016-09-13T11:05:22Z,FALSE,en
1.24846E+18,7.47783E+17,2020-04-10T03:48:43Z,Raghu1551,"Par day 1 lakhs new case in all over world 
#COVID19 https://t.co/RrsP94Omu5",Twitter for Android,,,,FALSE,FALSE,618,1,IN,"Medchal, India",city,29,108,,2016-06-28T13:27:29Z,FALSE,en
1.24846E+18,119762699,2020-04-10T03:51:55Z,ari_maj,"Honorable Prime Minister of our country shri. @narendramodi ji. Sir unite our country to fight #COVID19 pendamic, because ""we are not afraid to die if we are all be together"".
Jai hind
#IndiaFightsCorona #coronawarriors 
#HarKamDeshKeNam",Twitter for Android,1.24773E+18,119762699,ari_maj,FALSE,FALSE,9783,2,IN,"New Delhi, India",city,3279,490,,2010-03-04T15:35:17Z,FALSE,en
1.24846E+18,73951818,2020-04-10T03:54:34Z,Mansoor_Ali9,It's fun to play on Google 'View in 3D' feature. #WFH #wfhlife #StayHomeStaySafe #StayAtHome #IndiaFightsCorona https://t.co/iT2RjQnBTi,Twitter for Android,,,,FALSE,FALSE,442,4,IN,"Mumbai, India",city,309,888,,2009-09-13T19:14:19Z,FALSE,en
1.24846E+18,1252241234,2020-04-10T03:54:45Z,brijeshPatelBm,India have million of photographers and reporters with their android phones @narendramodi @AmitShah Sir lets use them to fight with #covid19 Open lock down and save the economy. Give control room whats app number area wise to these reporters. They will report police if any....1/2,Twitter for Android,,,,FALSE,FALSE,3591,0,IN,"Gujarat, India",admin,247,354,,2013-03-08T17:02:41Z,FALSE,en
1.24846E+18,7.44215E+17,2020-04-10T03:54:49Z,inder_62,"Utilize the Lock down with Paper Tax Tip!
--
Download App Now https://t.co/27aM6SOYlM, Visit https://t.co/p0fYfgMPmo

#IndiaLockdown #IndoreLockdown #IndiaFightsCorona #PaperTax #COVID19 #Indore #IndoreTalk https://t.co/0ZEaLPiF58",Twitter for Android,,,,FALSE,FALSE,366,0,IN,"Himachal Pradesh, India",admin,18,36,,2016-06-18T17:06:48Z,FALSE,en
1.24846E+18,131524389,2020-04-10T03:57:19Z,vinilchacko,"May the God of hope fill you with all joy and peace. ‚ÄïWishing you all a Happy Good Friday!
#GoodFriday #GoodFridayBlessings #GoodFriday2020 #love #hope #StayHomeStaySafe https://t.co/vMyCMLohMa",Twitter for Android,,,,FALSE,FALSE,2148,0,IN,"Haveli, India",city,484,433,,2010-04-10T14:45:27Z,FALSE,en
1.24846E+18,128449146,2020-04-10T03:57:57Z,prabhatmittal1,"#COVID19Pandemic #COVID„Éº19 #coronavirus #covid19 #Covid19India @WHO @MoHFW_INDIA  Updates Apr 9, 2020 https://t.co/S9lLuTo7TE",Twitter for Android,,,,FALSE,FALSE,504,0,IN,"Bhopal, India",city,2969,83,,2010-04-01T04:25:05Z,FALSE,en
1.24846E+18,9.05022E+17,2020-04-10T04:03:31Z,IndoreTalk,"#COVID19Pandemic #COVID„Éº19 #coronavirus #covid19 #Covid19India @WHO @MoHFW_INDIA  Updates Apr 9, 2020 https://t.co/jUZCHbsVAO",Twitter for Android,,,,FALSE,FALSE,8301,0,IN,"Indore, India",city,2636,33,,2017-09-05T10:55:42Z,FALSE,en
1.24846E+18,1.01073E+18,2020-04-10T04:06:26Z,Digital_Dnyan,#GoodFriday. Today is #GoodFriday .Let us all pray for the world May He bless all to heal the people who are suffering due to Pandemic of #coronavirus .When he was on the cross you were in him mind. https://t.co/5pnxXgl67B,Twitter for iPhone,,,,FALSE,FALSE,92,0,IN,"Maharashtra, India",admin,43,145,,2018-06-24T03:43:57Z,FALSE,en
1.24846E+18,8.23577E+17,2020-04-10T04:07:55Z,rajvasoya07,On This Day #GoodFriday Save All Of #COVID2019india #YouCanBeatCorona #FridayThoughts #StaySafe #StayHomeStaySafe https://t.co/SaSXJoeUw7,Twitter for Android,,,,FALSE,FALSE,5164,0,IN,"Jamnagar, India",city,94,392,,2017-01-23T17:05:10Z,FALSE,en
1.24846E+18,8.23577E+17,2020-04-10T04:09:02Z,rajvasoya07,"Proud to be an IndianüáÆüá≥
Sare Jahan se achha Hindustan Hamara üáÆüá≥üáÆüá≥üáÆüá≥
JAI Ho our  honourable PM @narendramodi ji  üôèüôè
All your bold steps to fight #Covid19 are  extremely Commendable.. We are fortunate to have you.. üôèüôèüáÆüá≥üáÆüá≥. https://t.co/yNqPD7dgoj",Twitter for Android,,,,FALSE,FALSE,5164,0,IN,"Jamnagar, India",city,94,392,,2017-01-23T17:05:10Z,FALSE,en
1.24846E+18,502806104,2020-04-10T04:10:01Z,jaggirm,"#CoronaVirusUpdates: 

State-wise details of Total Confirmed #COVID19 cases so far (till 10 April, 2020, 08:00 AM)

‚û°Ô∏èStates with 1-15 confirmed cases 
‚û°Ô∏èStates with 16-200 confirmed cases
‚û°Ô∏èStates with 200+ confirmed cases
‚û°Ô∏èTotal no. of confirmed cases so far

Via @MoHFW_INDIA https://t.co/7TMM9PUqJP",Twitter for Android,,,,FALSE,FALSE,36617,2,IN,"Mumbai, India",city,321435,296617,,2012-02-25T10:22:25Z,FALSE,en
1.24846E+18,250028571,2020-04-10T04:10:34Z,satyajitkar91,"Five fresh #Covid19 positive cases reported form #Mumbai #Dharavi, the largest slum cluster of Asia 
@DeccanHerald 
#Maharashtra",Twitter for Android,,,,FALSE,FALSE,198,2,IN,India,country,155,329,,2011-02-10T08:03:53Z,FALSE,en
1.24846E+18,7.22318E+17,2020-04-10T04:12:12Z,GangulySunetra,"‚ÄúMay your faith in the god, bring peace to your hearth &amp; New hope in your live. May God Always bless You!‚Äù ‚Äï Have a Blessed #GoodFriday ! Jesus Christ plz save the world from #coronavirus https://t.co/GMTEVX5QRa",Twitter for Android,,,,TRUE,FALSE,72667,0,IN,"Kolkata, India",city,5262,208,,2016-04-19T06:55:49Z,FALSE,en
1.24846E+18,1.22832E+18,2020-04-10T04:13:57Z,LibraryRaddi,Dear @narendramodi kindly ensure minimum movement of people &amp; restrict people as much as you can ......if lockdown extends after 30 April .our business will also be finished !! #coronavirus,Twitter for Android,,,,FALSE,FALSE,10246,0,IN,"Gwalior, India",city,36,1073,,2020-02-14T13:53:33Z,FALSE,en
1.24846E+18,56709131,2020-04-10T04:14:08Z,MBTheGuide,"14 new #COVID19 cases have been reported from Bhopal today, taking the total number of positive cases in Bhopal to 112: District Administration, Bhopal. #MadhyaPradesh",Twitter for Android,,,,FALSE,FALSE,152,2,IN,"Mumbai, India",city,2359,3969,,2009-07-14T14:35:05Z,FALSE,en
1.24846E+18,102987660,2020-04-10T04:14:41Z,ckpanigrahi87,Abnormal clotting of blood and infarction in #COVID19 #coagulation https://t.co/IEbT81oKHH,Twitter for Android,,,,FALSE,FALSE,243,0,IN,"Bhadrak, India",city,35,82,,2010-01-08T13:51:42Z,FALSE,en
1.24846E+18,2929711032,2020-04-10T04:15:03Z,Thisismemanish,"Dear @TheVijayMallya -Why don‚Äôt you show your gratitude towards India if you hv some humanity and donate some amount of looted money at PM-Cares, At least We may think sm positive about you wht blunder you did wth us. #PMCaresFunds #coronavirus @PMOIndia @sardanarohit @chitraaum",Twitter for Android,,,,FALSE,FALSE,11789,0,IN,"New Delhi, India",city,60,82,,2014-12-14T12:40:05Z,FALSE,en
1.24846E+18,374534882,2020-04-10T04:16:50Z,_imjone,"Comrade Rakesh Singha, @cpimspeak MLA from Theog, Himachal Pradesh, has decided to donate his 11 months salary to the Chief Minister's Relief Fund of the state in the light of #Covid19 crisis.

Red Salute to Comrade Singha. https://t.co/iPGtPSY6el",Twitter for Android,,,,FALSE,FALSE,50413,0,IN,"Coimbatore, India",city,51469,4112,,2011-09-16T13:53:07Z,FALSE,en
1.24846E+18,4266006134,2020-04-10T04:16:54Z,sanoMDblog,"@ThaneCityPolice @DGPMaharashtra @AnilDeshmukhNCP #coronavirus #SocialDistanacing not followed pls take note of vegetable &amp; Fruit vendors found violating the social distance &amp; compulsary face mask in Kurla camp chowk camp no 4 Ulhasnagar east.
Request you to act accordingly. https://t.co/qgRCwGqVFB",Twitter for iPhone,,,,TRUE,FALSE,62,0,IN,"New Delhi, India",city,48,51,,2015-11-17T08:56:51Z,FALSE,en
1.24846E+18,198440708,2020-04-10T04:16:54Z,DaYa_Newdelhi,"Wishing all my Christian brothers and sisters a blessed #GoodFriday. Even as the world grapples with the #Coronavirus pandemic, the lessons of compassion, love and forgiveness taught by Lord Jesus Christ will help us sail through these difficult times.",Twitter for iPhone,,,,FALSE,FALSE,479,0,IN,"Gaya, India",city,36,373,,2010-10-04T09:40:47Z,FALSE,en
1.24847E+18,60570454,2020-04-10T04:17:06Z,ajoydasgupta,Greetings to all on the auspicious occasion of #GoodFriday.                #StayHomeStaySafe https://t.co/SzMcvQMtDn,Twitter for Android,,,,FALSE,FALSE,7931,6,IN,"Kolkata, India",city,12129,1963,,2009-07-27T11:32:52Z,FALSE,en
1.24847E+18,454690162,2020-04-10T04:19:21Z,djmoolya,"#Update: After contributing ‚Çπ 25 cr to #PMCares, @akshaykumar contributes ‚Çπ 3 cr to #BMC to assist in the making of PPEs, masks and rapid testing kits... #COVID19Pandemic #CoronaVirus #Covid_19 #COVID19 https://t.co/SfkcK7GQE8",Twitter for Android,,7.20135E+17,ThaneCityPolice,FALSE,FALSE,128,4,IN,"Ulhasnagar, India",city,197,86,,2012-01-04T08:20:48Z,FALSE,en
1.24847E+18,8.68732E+17,2020-04-10T04:19:57Z,SrikanthDevini,"Be strong enough to stand alone- #StayHome
Smart enough to know when You need help- #Symptoms
and
Brave enough to ask for help- #testing.

#coronavirus #Corona #lockdown #TestKaroNa",Twitter for Android,,,,FALSE,FALSE,1987,0,IN,"Pithapuram, India",city,72,990,,2017-05-28T07:33:26Z,FALSE,en
1.24847E+18,113826230,2020-04-10T04:20:43Z,sudarsansand,"World Leaders Hail efforts of @pmoindia @narenderamodi to fight #COVID19, humanitarian help provided by India to friendly Nations while in India few pseudo Libs/ Seculars continue chest thumping #IndiaFightsCarona @arunsoodbjp @JPNadda @BJP4Chandigarh @realDonaldTrump @IsraeliPM https://t.co/dGZxMxgu6C",Twitter for iPhone,,,,FALSE,FALSE,58019,232,IN,"Puri, India",city,579936,835,,2010-02-13T05:07:42Z,TRUE,en
1.24847E+18,2507851604,2020-04-10T04:20:43Z,Krushna_chsahu,"@htdelhi @rishachitlangia Factual Data disclosing by Govt @ArvindKejriwal
@SatyendarJain
@LtGovDelhi
@ProfBhargava 
@drharshvardhan
must especially when  reports to be believed ZERO symptoms shown people found tested +ve, if that's true?üò∑ü§ß numbers in which area must share @PMOIndia #COVID #coronavirus https://t.co/oUZkHB9wZA",Twitter for Android,,,,FALSE,FALSE,465,0,IN,"Orissa, India",admin,19,176,,2014-05-19T16:28:33Z,FALSE,en
1.24847E+18,9.33043E+17,2020-04-10T04:20:50Z,tushar__jadhav,"#Masks4All #iprotectyou #youprotectme #COVID„Éº19 #lockdownindia #FlattenTheCurveTogether #usemask please help each other by using mask üò∑ #StayHomeIndia #StayHomeSaveLives #StayHomeStaySafe whenever you go outside, please use mask.. @mybmc @AUThackeray @CMOMaharashtra https://t.co/RoH6oBsC8i",Twitter for Android,,,,FALSE,FALSE,49934,0,IN,"Maharashtra, India",admin,181,449,,2017-11-21T18:42:50Z,FALSE,en
1.24847E+18,26074091,2020-04-10T04:23:17Z,SmartJagtap,"Life is a Struggle &amp; Struggle leads to Victory so ultimately Life is a Victory!! - Swami Vivekanand.

This line keeps motivating me from childhood.

#StayHomeStaySafe

It's time to reinvent and reorganize ourselves.",Twitter for Android,,,,FALSE,FALSE,3060,0,IN,"Haveli, India",city,611,478,,2009-03-23T19:48:05Z,FALSE,en
1.24847E+18,3288645805,2020-04-10T04:23:30Z,TajinderSTS,@sandipsabharwal @CMOMaharashtra Its happening in india all states sir. They are saying we will supply door to door. How its possible ? Peoples have already lots of fear of #covid19 they should open lock down and take action on them who destroying social distancing rules. Check my tweet pls. Your suggestions pls,Twitter for iPhone,,,,FALSE,FALSE,1439,4,IN,"Chandigarh, India",city,256,785,,2015-07-23T08:42:47Z,FALSE,en
1.24847E+18,48238547,2020-04-10T04:23:54Z,rejimonck,"#FoodAid
Distributed 60 kits to our Indians from North East who come to Mumbai to earn their livelihood in Vakola, Juhu Koliwada, Malad Malwani, Kalina Chawls, 4 Bungalows in Andheri
#Covid_19india
#helpeach1
#coronalockdown #Lockdown21 #kindnessmatters #Covid19 https://t.co/5CkkzjEhoC",Twitter for Android,1.24809E+18,704849137,htdelhi,FALSE,FALSE,1315,1,IN,"New Delhi, India",city,157,107,,2009-06-18T04:02:36Z,FALSE,en
1.24847E+18,88893816,2020-04-10T04:24:07Z,singrohas,"@casagrandhomes #ContestAlert
#Casagrand #Contest #StayHomeStaySafe   I love cooking and now I have got a lot of time to do that and I am really enjoying it a lot.. https://t.co/0scbwhngYY",Twitter for iPhone,,,,FALSE,FALSE,335,0,IN,"Mumbai, India",city,53,92,,2009-11-10T09:50:36Z,FALSE,en
1.24847E+18,7.96581E+17,2020-04-10T04:25:17Z,Shubhamdohare9,"#CoronaHumour

Understand the real ‚ÄòBermuda Traingle‚Äô below so that you can stay &amp; survive in your Bermudas !!
#StayHomeStaySafe 
#StayinBermuda üëáü§† https://t.co/vD1YnUwppV",Twitter for Android,,,,FALSE,FALSE,678,0,IN,"Bhopal, India",city,97,1163,,2016-11-10T05:09:33Z,FALSE,en
1.24847E+18,358752082,2020-04-10T04:26:04Z,imgagangarcha,"@Chutintorn_Sam Good morning Sir wishing you and the people of #Thailand a joyful New Year. As we continue to contain #COVID19, we hope our efforts to address this pandemic will usher in new blessings in the New Year.

@ThaiAirways @tat_india @Thailand_Post",Twitter for Android,,,,TRUE,FALSE,1606,0,IN,"New Delhi, India",city,68,160,,2011-08-20T12:54:27Z,FALSE,en
1.24847E+18,538503102,2020-04-10T04:26:16Z,9jhaAlok,Happy to see my 2nd BCOM students coming together from tomorrow to do some fabulous peer learning during #socialDistancing times. Let us make learning exciting. #StayHomeStaySafe  #QuarantineCohort5 https://t.co/yNcTzcBrzK,Twitter for Android,,,,FALSE,FALSE,113,1,IN,"Panaji, India",city,44,215,,2012-03-27T19:21:27Z,FALSE,en
1.24847E+18,128449146,2020-04-10T04:27:02Z,prabhatmittal1,"Where there‚Äôs hope, there‚Äôs victory! These front-line warriors will lead us to victory in the battle against #Covid19. We thank the cleaning staff for their dedication to keep the world clean. #FightWithHope #StrongerWithHope #HopeIsACleaner #OPPOStands4India #StayHomeStaySafe https://t.co/bha2BbeCzN",Twitter for Android,1.24847E+18,85768153,sandipsabharwal,FALSE,FALSE,504,0,IN,"Bhopal, India",city,2969,83,,2010-04-01T04:25:05Z,FALSE,en
1.24847E+18,3270099391,2020-04-10T04:30:38Z,AnybodyCanHelp,"@_Mukesh_Ambani @SauryaMishr_IND Join common man also,
Be just a human,
Make jio calls and data free for other fellow humans, for atleast during the corona crisis.
#CoronavirusOutbreak 
#IndiaTrustsPmModi 
#Covid_19india",Twitter for Android,,,,FALSE,FALSE,38,1,IN,"Mumbai, India",city,430,101,,2015-07-06T13:33:53Z,FALSE,en
1.24847E+18,2917162224,2020-04-10T04:31:41Z,cool_bindra,"We always wear masks, it's just that #covid19 has made it visible #coronamusings",Twitter for Android,1.24829E+18,1951304473,casagrandhomes,FALSE,FALSE,109126,0,IN,"New Delhi, India",city,836,1740,,2014-12-03T04:26:34Z,FALSE,en
1.24847E+18,16307816,2020-04-10T04:32:05Z,satyaprad1,Government Approves #COVID19 Emergency Package  https://t.co/V2F047Auc2,Twitter for iPhone,,,,FALSE,FALSE,60,1,IN,"New Delhi, India",city,2993,964,,2008-09-16T06:39:45Z,TRUE,en
1.24847E+18,97015869,2020-04-10T04:32:51Z,Tusshar_Mehta,Healthy living is most important than managing diseases after eating unhealthy foods. #covid19 #EatHealthyFoods #ChooseHealthyLiving https://t.co/VarccVs329,Twitter for Android,,8.92323E+17,Chutintorn_Sam,FALSE,FALSE,13515,0,IN,"New Delhi, India",city,374,1153,,2009-12-15T16:51:45Z,FALSE,en
1.24847E+18,7498702,2020-04-10T04:34:54Z,drkkr,"Good News for Vadodara &amp; Tandalja Cluster Quarantine Area as No Doubtful Person Found Out of 5579 Person Surveyed Yesterday as per Gujarat Samachar

#TandaljaClusterQuarantine
#RedZone
#Covid19 @ J. P. Police‚Ä¶ https://t.co/4CpiKFjQLR",Twitter for iPhone,,,,FALSE,FALSE,4416,3,IN,"Coimbatore, India",city,3641,721,,2007-07-16T05:05:23Z,FALSE,en
1.24847E+18,3606940572,2020-04-10T04:36:07Z,tanmoybiki,"@DrOM_Machra @vnehra @AmdavadAMC @IASassociation Yes, We will chase #Covid_19 in #Ahmedabad soon.
Salute to the #CoronaWarriors .
It will take sometime, but sure we are with you #AMC 

#StayHomeStaySafe
#thinkpositive #BePositive 
@CMOGuj @PS_HFWD_GUJ",Twitter for Android,,,,FALSE,FALSE,25,0,IN,"Raiganj, India",city,14,47,,2015-09-18T16:57:23Z,FALSE,en
1.24847E+18,9.5282E+17,2020-04-10T04:36:14Z,Dr_Rajesh369,"#CoronavirusOutbreak 
#Covid_19 
#coronavirusindia 
Because Life is unpredictable https://t.co/mDaiDmUOKn",Twitter for Android,1.24847E+18,1.24812E+18,_Mukesh_Ambani,FALSE,FALSE,24795,0,IN,"Lucknow, India",city,627,3842,,2018-01-15T08:29:40Z,FALSE,en
1.24847E+18,193223907,2020-04-10T04:36:51Z,rajkalur,"Death toll due to #COVID19 rises to 199 in #India; cases climb to 6,412: Health Ministry

https://t.co/vxEcwy2e7w 

#Sakal #SakalNews #viral #ViralNews #SakalTimes #news #Corona #COVID2019 #COVID #coronavirus #COVID19 #Covid_19 #pandemia",Twitter for Android,,,,FALSE,FALSE,5868,0,IN,"Mumbai, India",city,840,389,,2010-09-21T08:54:06Z,FALSE,en
1.24847E+18,1.10461E+18,2020-04-10T04:37:12Z,HealthwireMedia,"Thiruvananthapuram based SCTIMST is working on a testing method that could give conclusive results for #COVID19 in just 15 minutes, at Rs 200 per person.
Dr.@ShashiTharoor had allocated 1 Cr from his MP funds for this. This could be a game changing initiative ! https://t.co/udQTQJxFWw",Twitter for Android,,,,FALSE,FALSE,48,1,IN,"New Delhi, India",city,2806,645,,2019-03-10T04:59:04Z,FALSE,en
1.24847E+18,28557935,2020-04-10T04:37:22Z,umamahi,"@paulcastain Its under Lockdown Paul.

#StayHomeStaySafe",Twitter for iPhone,,,,TRUE,FALSE,2855,0,IN,"Sholinganallur, India",city,2866,3356,,2009-04-03T13:07:11Z,FALSE,en
1.24847E+18,39452383,2020-04-10T04:37:53Z,rayhan1201,Worth Reading https://t.co/gbJtmFcaYj #BBCMarathi #coronavirus,Instagram,,,,FALSE,FALSE,247,0,IN,"Vododara, India",city,508,1238,,2009-05-12T07:05:47Z,FALSE,en
1.24847E+18,458506910,2020-04-10T04:40:09Z,iTheUshabh,Has anyone else got addicted to online Ludo #lockdown #lockdownindia #Lockdownextention #lockdowneffect #WuhanVirus #ChinaLiedPeopleDied #ChineseVirus #21DaysChallenge #COVID„Éº19 #COVID2019india #CoronavirusOutbreak #CoronaVirusUpdate,Twitter for Android,1.24832E+18,8.80814E+17,DrOM_Machra,FALSE,FALSE,85,0,IN,"Ahmadabad City, India",city,69,552,,2012-01-08T16:58:28Z,FALSE,en
1.24847E+18,7.82168E+17,2020-04-10T04:40:20Z,1997_shashank,@Vaishna46942916 @RupeshK32328087 Every citizens are thankful to the Asharamji Ashram because everytime in the critical condition of our country whether it is earthquake or #Coronavirus they helps us by their services #AsharamjiAshrams_ServingHumanity,Twitter for Android,,,,FALSE,FALSE,8,0,IN,"New Delhi, India",city,7,93,,2016-10-01T10:37:38Z,FALSE,en
1.24847E+18,17830429,2020-04-10T04:41:05Z,sakaltimes,"Hi Dangerous #CoronaVirus please Take Care And #StayAtHome 
Social Distancing....
#IndiaFightsCoronavirus 
@narendramodi 
@akshaykumar https://t.co/mALkmHgQ8s",Twitter for Android,,,,FALSE,FALSE,328,2,IN,"Maharashtra, India",admin,19989,11,,2008-12-03T05:54:15Z,FALSE,en
1.24847E+18,3911405836,2020-04-10T04:42:01Z,anilkantony,"#Islamophobia in the times of #CoronavirusPandemic - Important #‡§∏‡•ã‡§™‡•Ä‡§ó‡•ã‡§∑‡•ç‡§ü by @bbcnewsmarathi 

 https://t.co/iAJcA94AuO",Twitter for iPhone,,,,TRUE,FALSE,21035,0,IN,"New Delhi, India",city,1846,140,,2015-10-09T18:45:45Z,TRUE,en
1.24847E+18,96714421,2020-04-10T04:43:31Z,kamal_parashar,Coronavirus: WHO marks 100 days since China alerted to first COVID-19 cases #Coronavirus https://t.co/NdbnNqEsoy,Twitter for Android,1.24839E+18,18149467,paulcastain,FALSE,FALSE,2285,0,IN,"Bengaluru, India",city,429,1791,,2009-12-14T07:14:09Z,FALSE,en
1.24847E+18,455565287,2020-04-10T04:44:38Z,dhanesh_mali,As we are approaching #Lockdown21 and with talk around #Lockdownextention total cases has been increased and country is almost in top 20 worst hit by #CoronavirusPandemic . Let's hope for best #IndiaFightsCorona #StayHomeIndia #StayHomeStaySafe #coronavirusinindia https://t.co/8hckwPyfMx,Twitter for iPhone,,,,FALSE,FALSE,14449,0,IN,"Pune, India",city,146,361,,2012-01-05T07:47:38Z,FALSE,en
1.24847E+18,151445991,2020-04-10T04:44:40Z,ProbasiBangali,The no of cases increasing day by day in #Siwan people should follow the instructions given by the Govt. @BiharCOVID19 @NitishKumar  #StayHomeStaySafe,Twitter for Android,,,,FALSE,FALSE,47715,1,IN,"New Delhi, India",city,3521,4979,,2010-06-03T12:37:01Z,FALSE,en
1.24847E+18,1.06009E+18,2020-04-10T04:45:56Z,GuptaPradeepkr,Fully agree with you Resp. @ChouhanShivraj  mamaji.... üôèüôè hm sb milkr #Covid19 se ladenge üôè aur nishchit hi  jeetenge bhi... hm sbhi govt ke sath hai üôè https://t.co/BK0sJFVCB4,Twitter for Android,1.24843E+18,1.16045E+18,Vaishna46942916,FALSE,FALSE,25701,0,IN,"Hisar, India",city,983,3817,,2018-11-07T08:40:51Z,FALSE,en
1.24847E+18,1.1047E+18,2020-04-10T04:46:33Z,saxenasunil8726,"6000+ Cases.
200+ Deaths
#Covid19 count India.",Twitter for Android,,,,FALSE,FALSE,4052,0,IN,"Mohammadi, India",city,21,181,,2019-03-10T11:24:27Z,FALSE,en
1.24847E+18,161602340,2020-04-10T04:46:40Z,GulshanMWankar,"Guys Kolkata situation is worst then Maharashtra, numbers reported by State governments are completely manipulated
@BJP4India
@WHO
@SGanguly99 @mulrajpatel @ApurvVerma79 @mundrasm135 @PShivanand15 
#Kolkata
#Covid_19india
#covidindia
#coronavirus
@ZeeNews
@republic
@MoHFW_INDIA https://t.co/s2o1WWRCvZ",Twitter for iPhone,,,,FALSE,FALSE,2494,0,IN,"New Delhi, India",city,1174,1594,,2010-07-01T07:42:53Z,FALSE,en
1.24847E+18,142205319,2020-04-10T04:47:00Z,AKSHATPATIDAR,"#JawaharSirKiClass Exercise 22&amp;23 For all ages and parents . It‚Äôs story time and I would like to see each of you complete the story with an ending of your choice based on your age . #coronavirus #lockdown @UNICEFEducation @UNICEFIndia 
https://t.co/zb7Lu9dN7I",Twitter for iPhone,,,,FALSE,FALSE,18668,0,IN,"Jhalawar, India",city,399,1040,,2010-05-10T07:37:17Z,FALSE,en
1.24847E+18,1911774325,2020-04-10T04:47:31Z,Adityapandey_,"With million years ahead
And life with promises to hold
The waves bringing the uncertainties
To wither the extremes of cold

Come let‚Äôs look at the horizon 
Grasp my fingers and stay
Let us look at the horizon
We will certainly find a way‚ù§Ô∏è

#PositiveVibes #positivity #Covid_19 https://t.co/RPqqX9OQbw",Twitter for Android,,,,FALSE,FALSE,4400,0,IN,"Bengaluru South, India",city,204,296,,2013-09-27T17:17:31Z,FALSE,en
1.24847E+18,1.22943E+18,2020-04-10T04:48:40Z,ravi_prakash7,"Let's Celebrate Vaisakhi 20' safely.
Stay at home and stay connected on social media  instead of gathering together.

#covid19 #socialdistancing #vaisakhi #Stay_Home #Stay_Safe https://t.co/No27BUGjVO",Twitter for Android,,,,FALSE,FALSE,155,0,IN,"Bengaluru South, India",city,22,26,,2020-02-17T15:28:43Z,FALSE,en
1.24847E+18,904394304,2020-04-10T04:49:07Z,sunilvikas,"#India's Population much higher than #Israel  
Last week Tel Aviv suddenly found a shipment of100,000 anti #coronavirus gears.Offcl 'Order Placed'not known
Probalities
-Trumpchacha ignored citizens, covertly 'gifted'To Israel
-Items for #Germany&gt;diverted from #Thailand by Mossad",Twitter for Android,,,,TRUE,FALSE,2110,0,IN,"Bhilai, India",city,177,1411,,2012-10-25T18:15:43Z,FALSE,en
1.24847E+18,8.44059E+17,2020-04-10T04:49:14Z,whereisankit,"Distributed by #gandhinagar, ward - 1, councillor. #Gujarat
Thank you. Every MP/MLA/Councillor should do this. #blockchain #CoronavirusOutbreak https://t.co/BVkf6wSyJt",Twitter for Android,,,,FALSE,FALSE,22897,7,IN,"Himachal Pradesh, India",admin,1367,365,,2017-03-21T05:32:36Z,FALSE,en
1.24847E+18,64343133,2020-04-10T04:49:42Z,ni3n92,"All other countries are fighting with #CoronaVirus Only, but unfortunately India is fighting with 2 virus at a same time!!
1) #COVID19
2) #MediaVirus",Twitter for Android,,,,FALSE,FALSE,236,2,IN,"Haveli, India",city,40,373,,2009-08-10T05:30:27Z,FALSE,en
1.24847E+18,45036318,2020-04-10T04:50:15Z,jawahar4,It‚Äôs a world know truth that  #IndiaLeadsCovidWar with a example how to do #lockdown  and how to do Medicine Supply to others even when we are crisis #Covid_19india #CoronavirusOutbreak #2019nCoV,Twitter for iPhone,,,,FALSE,FALSE,1070,0,IN,"Raipur, India",city,1636,1634,,2009-06-06T00:06:57Z,FALSE,en
1.24847E+18,101453787,2020-04-10T04:50:37Z,drnitesht,"#Masks #N95 #coviDisease #Covidtransmission #Covid_19 #COVID„Éº19
Should the public wear masks to slow the spread of SARS-CoV-2? https://t.co/e9eRh7YDvm",Twitter for iPhone,,,,FALSE,FALSE,12962,0,IN,"New Delhi, India",city,386,695,,2010-01-03T10:53:11Z,FALSE,en
1.24847E+18,1.14158E+18,2020-04-10T04:50:56Z,dcmohali,Just saying. #covid19 #kerala #NewYorkCity https://t.co/qANzGZloHT,Twitter for Android,,,,FALSE,FALSE,8,1,IN,"Haryana, India",admin,1423,29,,2019-06-20T05:24:19Z,FALSE,en
1.24847E+18,1.04777E+18,2020-04-10T04:51:35Z,SanjivRanjanJh1,"Google introduces new #COVID-19 and Telehealth GMB links for healthcare providers @GoogleMyBiz

https://t.co/bzPHZM45Ur

#DigitalMarketingGyan #ShaileshDPanchal #DigitalShailesh #DigitalMarketing #DigitalMarketingTips #SEO #GoogleMyBusiness #SearchEngineOptimization #coronavirus",Twitter for Android,1.24847E+18,1.04777E+18,SanjivRanjanJh1,FALSE,FALSE,18151,0,IN,"Ghaziabad, India",city,460,804,,2018-10-04T08:55:37Z,FALSE,en
1.24847E+18,141488000,2020-04-10T04:51:49Z,TwitMasterGOGO,"Another cheque for Rs.10,000/- received from Mr. Rajdeep Kathar, ADO (Agriculture Department Hojai) towards #CEMReliefFund.

#StayHomeStaySafe  #SaveLives
#IndiaFightsCoronaVirus https://t.co/gakRdZL3WQ",Twitter for Android,,,,FALSE,FALSE,390,0,IN,"Ahmadabad City, India",city,96,15,,2010-05-08T06:28:07Z,FALSE,en
1.24847E+18,202464507,2020-04-10T04:55:13Z,satraparth,Nice attitude my favoriteüòç hero surya‚úä‚úä‚úä @suryasivakuma10 @suryasivakumar8 @SuryaSivakhumar @suryasivakumaar @Suryasivakumarn @ssurya_surya #StayHomeIndia #StayHomeStaySafe üëç https://t.co/207AeY1JWG,Twitter for iPhone,,,,FALSE,FALSE,84,0,IN,"Mumbai, India",city,168,259,,2010-10-14T02:52:23Z,FALSE,en
1.24847E+18,1027684844,2020-04-10T04:56:13Z,iamdatchana,Today provided free breakfast of 750packets to the poor people of ward No-56. #coronaupdatesindia #CoronavirusPandemic #COVID19Bangalore #helptheneedy #BetterTogether #liveforothers https://t.co/X1lmZdXDth,Twitter for iPhone,,,,FALSE,FALSE,995,1,IN,"Panruti, India",city,1059,211,,2012-12-22T03:44:15Z,FALSE,en
1.24848E+18,7.26789E+17,2020-04-10T04:58:32Z,surajkumarfilm,"#employees #CoronavirusOutbreak #BusinessContinuity #Growth #lockdown

Full video https://t.co/Y0lQNYpQZ0 https://t.co/FJoFt4eoVD",Twitter for Android,,,,FALSE,FALSE,295,0,IN,"New Delhi, India",city,184,349,,2016-05-01T15:03:20Z,FALSE,en
1.24848E+18,3246337442,2020-04-10T04:58:33Z,snehil0802,"Five more people, two of them #Nizamuddin event attendees have been tested positive for #COVID19 in #Mumbai's Dharavi: BMC

https://t.co/vxEcwy2e7w 

#Sakal #SakalNews #viral #ViralNews #SakalTimes #news #Corona #COVID2019 #COVID #coronavirus #COVID19 #coronavirus #COVID„Éº19 https://t.co/Ass8QwwhX5",Twitter for Android,,,,FALSE,FALSE,1257,0,IN,"Kanayannur, India",city,1149,353,,2015-06-15T21:14:02Z,FALSE,en
1.24848E+18,371204115,2020-04-10T04:59:03Z,DigitalGyan_,"""India is ready to do whatever is possible to help our friends. Praying for the well-being and good health of the people of Israel,"" tweets Prime Minister @narendramodi 

#Covid19 #coronavirusOutbreak https://t.co/UP8lgnsxkY",Twitter for Android,,,,FALSE,FALSE,372,1,IN,"Mumbai, India",city,101,4,,2011-09-10T11:49:18Z,FALSE,en
1.24848E+18,8.13027E+17,2020-04-10T05:00:05Z,TuliramRonghang,Welcome to Stage 3 in India ~ #Covid19,Twitter for Android,,,,FALSE,FALSE,113,0,IN,"Diphu, India",city,2122,331,,2016-12-25T14:23:02Z,FALSE,en
1.24848E+18,1.01231E+18,2020-04-10T05:00:37Z,mehra_nivas,Please stay at home n be safe ..#StayHomeStaySafe #21daysLockdownIndia #BeSafe #BeatCOVID19#pmo https://t.co/FCkN8YNmjb,Twitter for Android,,,,FALSE,FALSE,1335,0,IN,"Mahbubnagar, India",city,27,254,,2018-06-28T12:13:07Z,FALSE,en
1.24848E+18,299573920,2020-04-10T05:01:00Z,Deepak2199,Will that help in the Damage Control..?? 70% of the active #Covid19 cases in India are directly connected to a SINGLE SOURCE .. #TablighiJamatVirus https://t.co/YeWqxwEV4N,Twitter for iPhone,,,,FALSE,FALSE,1427,0,IN,"Bengaluru South, India",city,85,398,,2011-05-16T10:06:54Z,FALSE,en
1.24848E+18,4872562758,2020-04-10T05:01:16Z,KumarBManish,"The dark and treacherous side of #fastfashion. New ways of Exploitation by the fashion industry under the disguise of #Covid_19! @ZARA @hm @Gap #ExtinctionRebellion
BBC News - Clothing makers in Asia give stark coronavirus warning
https://t.co/BlJMFvY5L0",Twitter for Android,,,,TRUE,FALSE,1440,0,IN,"New Delhi, India",city,320,478,,2016-02-07T08:05:11Z,FALSE,en
1.24848E+18,17830429,2020-04-10T05:02:13Z,sakaltimes,"@narendramodi @jairbolsonaro AMAZING üëç
India has become a special country at this tough time which  is committed to contribute to  Humanity's fight against this  #COVID19 pandemic. 
I'm very proud of my Nation and its excellent leader  @narendramodi sir üíê",Twitter for Android,,,,FALSE,FALSE,328,1,IN,"Maharashtra, India",admin,19989,11,,2008-12-03T05:54:15Z,FALSE,en
1.24848E+18,8.89093E+17,2020-04-10T05:02:57Z,ShahVivek20,"Let's create a wall aganist this #coviÃád19 . Let's fight together and help the needy people's near you As we are making a Team and making an effort to serve the people's  and making an change to fight against this bullshit virus
#StayHomeStaySafe 
#coronavirus
#AllInThisTogether https://t.co/hmMYUkLCtG",Twitter for Android,,,,FALSE,FALSE,1005,0,IN,"Idar, India",city,34,740,,2017-07-23T11:59:19Z,FALSE,en
1.24848E+18,118676494,2020-04-10T05:03:07Z,im_kinshu,"Received from Mr. Raju Rongchehon Rs. 50,000/- towards #CEMReliefFund. Appreciated.

#StayHomeStaySafe  #SaveLives
#IndiaFightsCoronaVirus https://t.co/S63K74R57w",Twitter for Android,,,,FALSE,FALSE,2244,0,IN,"Hathras, India",city,339,180,,2010-03-01T12:32:08Z,FALSE,en
1.24848E+18,1.00405E+18,2020-04-10T05:03:16Z,Nitisha88111698,"@TaherShahh Hello Taher, this world is already fighting against #coronavirus and doesn‚Äôt have immunity to deal with your nonsense video and songs.",Twitter for Android,,,,FALSE,FALSE,1337,0,IN,"Jaipur, India",city,78,41,,2018-06-05T17:02:09Z,FALSE,en
1.24848E+18,771042740,2020-04-10T05:03:40Z,navinraghav,"#IndiaFightsCorona
Be #SUPPORTIVE
Be #CAREFUL
Be #Alert*
Be #KIND
Be #readytofight
@ABVPVoice
@nidhitripathi92
@shalini2_verma @Himansh66802453 @SanjayP92093496 @DrMohanYadav51 
@bjpanilfirojiya @ChouhanShivraj #covid19 https://t.co/mL4J5CtciN https://t.co/g5ddJ13BWW",Twitter for iPhone,,,,TRUE,FALSE,9930,0,IN,"New Delhi, India",city,191,72,,2012-08-21T07:41:15Z,FALSE,en
1.24848E+18,4647845473,2020-04-10T05:04:09Z,SubhashisGhos,"@casagrandhomes #ContestAlert
‚ÄúProgress is impossible without change, and those who cannot change their minds cannot change anything.‚Äù
This lockdown brings me closer to the environment. 
#Casagrand #Contest #StayHomeStaySafe https://t.co/S8yqA38YwA",Twitter for Android,,,,FALSE,FALSE,215,0,IN,"Asansol, India",city,49,96,,2015-12-25T07:00:52Z,FALSE,en
1.24848E+18,8.43472E+17,2020-04-10T05:04:52Z,ImaculateRani,"No Need To Worry And Panic Because @narendramodi ji Is Here...Also We Have One Main Responsibility Just To Stay At Home...I Request All Of Our Country People To #StayHomeStaySafe 
@ABPNews @PMOIndia @SirPareshRawal @SrBachchan @AmitShah https://t.co/p3qGZfc55t",Twitter for Android,1.24847E+18,18839785,narendramodi,FALSE,FALSE,46747,0,IN,"Madurai South, India",city,353,23,,2017-03-19T14:37:40Z,FALSE,en
1.24848E+18,1.08432E+18,2020-04-10T05:05:26Z,Sreevar76732792,"Do not write outside your house, stay in your house.This is what I have to say.
@Kumkum26
@ManushiChhillar @KPGBJP @NivethaPethura @Nikita12S #CoronavirusOutbreak #coronavirusinindia
@imanveergurjar @DanyGarciaCo @themahisharma @SwetaSinghAT @myogiadityanath https://t.co/3QxirXdkxI",Twitter for Android,,,,FALSE,FALSE,333,0,IN,"Hindupur, India",city,3,101,,2019-01-13T05:05:03Z,FALSE,en
1.24848E+18,8.13027E+17,2020-04-10T05:07:32Z,TuliramRonghang,"@netanyahu Together we will fight against #Coronavirus
Whole world is one family.
#VasudhaivaKutumbakam ‚ô•Ô∏èüôè https://t.co/qttMcqxFJC",Twitter for Android,,,,FALSE,FALSE,113,0,IN,"Diphu, India",city,2122,331,,2016-12-25T14:23:02Z,FALSE,en
1.24848E+18,49953025,2020-04-10T05:08:31Z,tea_n_beer,"#CoronavirusOutbreak : #AkshayKumar Donates Additional Rs 3 Crore To #BMC For PPE Production

@akshaykumar #AkshayKumar #Bmc @mybmc https://t.co/Si0FLYywzM",Twitter for iPhone,1.24828E+18,1346228257,TaherShahh,FALSE,FALSE,2202,0,IN,"Panchkula, India",city,1919,1604,,2009-06-23T11:43:19Z,FALSE,en
1.24848E+18,1.10545E+18,2020-04-10T05:09:05Z,jaisinghumath,"Glad that Karbi Anglong Sports Association donated Rs. 50,000/- towards #CEMReliefFund.

#StayHomeStaySafe #SaveLives
#IndiaFightsCoronaVirus https://t.co/OPd9pBEvRi",Twitter for Android,,,,FALSE,FALSE,1462,1,IN,"Madhya Pradesh, India",admin,32,74,,2019-03-12T12:58:20Z,FALSE,en
1.24848E+18,95748812,2020-04-10T05:09:44Z,abhilashp28645,"@arungovil12 A human being who is joyful, responsible, with a little bit of sense, can deal with challenging situations much better than those who are dead serious about everything. Happy morning and have a safe day. #StayHomeStaySafe #JaiHind",Twitter for Android,1.24829E+18,1951304473,casagrandhomes,FALSE,FALSE,52029,0,IN,"Khordha, India",city,793,5001,,2009-12-09T22:33:56Z,FALSE,en
1.24848E+18,1.13591E+18,2020-04-10T05:09:57Z,VishalR96099686,"A human being who is joyful, responsible, with a little bit of sense, can deal with challenging situations much better than those who are dead serious about everything. Happy morning and have a safe day. #StayHomeStaySafe #JaiHind @narendramodi",Twitter for Android,,,,FALSE,FALSE,2967,1,IN,"Rajasthan, India",admin,25,84,,2019-06-04T14:23:25Z,FALSE,en
1.24848E+18,1.17092E+18,2020-04-10T05:10:00Z,pintubaisoya10,"#CoronaVirus pushes half a Billion into Poverty .WHO should b held responsible . Why should entire World suffer for somebody's conspiracy.
@narendramodi @realDonaldTrump @BorisJohnson @ScottMorrisonMP 
Why costs&amp;consequences should not b fixed on wilful perpetrators of d Pandemic",Twitter for Android,,,,FALSE,FALSE,54366,0,IN,"Khodna Kalan Village, Greater Noida",neighborhood,111,330,,2019-09-09T04:23:25Z,FALSE,en
1.24848E+18,1.15843E+18,2020-04-10T05:10:19Z,GauraavSainii,How social distancing works #COVID„Éº19 #Social_Distancing #isolate #FlattenTheCurve #coronavirus #CoronaInMaharashtra #CoronavirusOutbreak #CoronaVirusUpdates #CoronavirusPandemic #CoronaVirusUpdate #usaCoronavirus #Italy #IndiaFightsCorona #StayHome #StayAtHome #COVID_19uk https://t.co/ZeYyUX2x0n,Twitter for Android,,17061263,netanyahu,TRUE,FALSE,10222,0,IN,"New Delhi, India",city,51,458,,2019-08-05T17:15:02Z,FALSE,en
1.24848E+18,9.6522E+17,2020-04-10T05:12:33Z,PuneAkkians,"Somewhere we all wanted this kind of silence around us but not in the form of lockdown. We are enjoying staying at home but we don't have peace.There is still a fear of COVID-19.I hope this virus ends up soon,we want peace not fear,we want our close ones more closer #Coronavirus",Twitter for Android,,,,FALSE,FALSE,4972,26,IN,"Udgir, India",city,717,47,,2018-02-18T13:42:45Z,FALSE,en
1.24848E+18,8.13027E+17,2020-04-10T05:12:54Z,TuliramRonghang,"India Coronavirus live updates: 614 active cases, 33 new deaths in 24 hours; country's tally at 5,709 #CoronavirusOutbreakindia #CoronavirusPandemic #Covid_19 #Covid_19india #India

https://t.co/gytQKfu8hb",Twitter for Android,,,,FALSE,FALSE,113,0,IN,"Diphu, India",city,2122,331,,2016-12-25T14:23:02Z,FALSE,en
1.24848E+18,102749600,2020-04-10T05:14:13Z,mohitv7,"In india carona #covid19 increased to 6000 and death increased to 199 #IndiaFightsCarona ü§£ü§£ü§£
Very bad news to Odisha.
@narendramodi 
@Naveen_Odisha 
@SayedArbaj",Twitter for iPhone,1.24847E+18,356150021,arungovil12,FALSE,FALSE,10320,0,IN,"Noida, India",city,825,3915,,2010-01-07T18:12:51Z,FALSE,en
1.24848E+18,80771000,2020-04-10T05:14:37Z,drmanishjain680,Guess the pole and rate after April 14 th lockdown will extend or not #LockdownExtended #Telangana #coronavirus #COVID„Éº19 @HiHyderabad,Twitter for Android,,,,FALSE,FALSE,3890,19,IN,"New Delhi, India",city,6929,656,,2009-10-08T05:05:09Z,FALSE,en
1.24848E+18,102749600,2020-04-10T05:14:49Z,mohitv7,"Glad to receive a cheque for Rs 1,00,000/- towards #CEMReliefFund from Mr. Kensing Engti &amp; Mrs April Beypi. Appreciated.

#StayHomeStaySafe  #SaveLives
#IndiaFightsCoronaVirus https://t.co/7TnwbcLX3Y",Twitter for iPhone,,,,FALSE,FALSE,10320,0,IN,"Noida, India",city,825,3915,,2010-01-07T18:12:51Z,FALSE,en
1.24848E+18,9.90652E+17,2020-04-10T05:14:53Z,rao_lk,"Grt song delicated to all our yodha... 
#StayHomeStaySafe
#Coronaindia

https://t.co/se8tIFCgOa",Twitter for Android,,,,FALSE,FALSE,20911,0,IN,"Bhadrachalam, India",city,108,871,,2018-04-29T18:00:44Z,FALSE,en
1.24848E+18,1.14592E+18,2020-04-10T05:15:13Z,Kal_Pesh_Jadhav,"Stay Home Stay Safe
#indiafightscorona #suratfightscorona #gocorona #covid_19 #coronaawareness #lockdownindia 

@narendramodi @PMOindia https://t.co/Aw1hYRgiQu",Twitter for Android,,,,FALSE,FALSE,534,0,IN,"Navi Mumbai, India",city,25,22,,2019-07-02T05:16:58Z,FALSE,en
1.24848E+18,1.24848E+18,2020-04-10T05:15:43Z,UjalaYadav13,"#Covid_19SA #Covid_19 #Covid_19india
Living on a prayer ‚Äì The coronavirus pandemic has exposed fissures within religions https://t.co/U3AFR4VCQS",Twitter for Android,,,,FALSE,FALSE,1,0,IN,"Borivali West, Mumbai",neighborhood,1,3,,2020-04-10T04:59:20Z,FALSE,en
1.24848E+18,1.1333E+18,2020-04-10T05:17:08Z,KaranPTiwari,I found medicine of #COVID„Éº19 so I want to test on patient.... #coronavirusinindia  #coronavirus @thakur_shivangi @ZeeNews @ABPNews @Zee24Kalak @ANI @tv9gujarati,Twitter for Android,,,,FALSE,FALSE,1346,1,IN,India,country,19,57,,2019-05-28T09:08:35Z,FALSE,en
1.24848E+18,1.14296E+18,2020-04-10T05:17:12Z,UMACHARANBISWA3,"@narendramodi @netanyahu Nice gesture of our PM üëè
We have to  stand Unite in this battle of #COVID19 pandemic and  I'm very very proud of my Nation and my PM @narendramodi sir üíê
India is dedicated to contribute its excellent possibilities to other nations in this tough time of Covid-19 pandemic.",Twitter for Android,,,,FALSE,FALSE,685,0,IN,"Pedappai, India",city,8,120,,2019-06-24T00:58:56Z,FALSE,en
